{"_runtime":2171.204762,"train/loss":0.9916082620620728,"_wandb":{"runtime":2196},"lr":0.0009765529813532326,"val/loss":0.9892300367355347,"accuracy":84.1,"char_accuracy":95.92500000000001,"_timestamp":1.7473695764866428e+09,"iter":5250,"_step":21,"mfu":0.40560842889203025}