{"_runtime":303.822172,"val/loss":0.7944029569625854,"_timestamp":1.747365469105982e+09,"_step":22,"train/loss":0.793572723865509,"lr":0.0009106361298405805,"_wandb":{"runtime":307},"accuracy":97,"char_accuracy":97.93103448275862,"iter":1100,"mfu":0.21087035501591236}