{"_step":20,"iter":5000,"train/loss":1.3005633354187012,"_runtime":3251.850993,"accuracy":83,"_timestamp":1.747369153803392e+09,"_wandb":{"runtime":3253},"val/loss":1.3357239961624146,"char_accuracy":89.99154214829433,"lr":0.0001,"mfu":0.16958536680620212}