{"_timestamp":1.7473672987426162e+09,"val/loss":1.6785290241241455,"char_accuracy":26.9567391847962,"lr":0.000996784337533823,"_step":8,"mfu":0.11174793250917298,"accuracy":0.1,"_runtime":1288.022841,"_wandb":{"runtime":1295},"iter":2000,"train/loss":1.6770761013031006}